address,WETH,USDT,USDC,ETH,USD_VALUE
0xd0b2f5018b5d22759724af6d4281ac0b13266360,0,108650.663914,-78600.706137,0.0,29966.30831406203
0x13f1c719c7114ac47d3f6ce8597a8c55ec7983da,1.833414219917058497,0.000000,0.000000,0.0,5322.126468286233
0xbebc44782c7db0a1a60cb6fe97d0b483032ff1c7,0,-78617.297199,78600.706137,0.0,43.93590075778775
0xc02aaa39b223fe8d0a0e5c4f27ead9083c756cc2,-12.176795635995255038,0,0,12.176795635995255,15.829834326796117
0x11b815efb8f581194ae79006d24e0d814b7697f6,10.343381416078196541,-30033.366715,0,0.0,15.040528842779167
0x8a4a55b49856773afa8ec5972d43f36e93b9f826,0.0,0.0,0.0,-12.181599608647929,-35377.192503454884
